1,google.com
2,facebook.com
3,youtube.com
4,baidu.com
5,yahoo.com
6,amazon.com
7,wikipedia.org
8,qq.com
9,twitter.com
10,taobao.com
11,google.co.in
12,live.com
13,sina.com.cn
14,linkedin.com
15,yahoo.co.jp
16,weibo.com
17,bing.com
18,google.co.jp
19,ebay.com
20,yandex.ru
21,vk.com
22,tmall.com
23,hao123.com
24,instagram.com
25,google.de
26,msn.com
27,amazon.co.jp
28,t.co
29,google.co.uk
30,pinterest.com
31,mail.ru
32,onclickads.net
33,google.fr
34,reddit.com
35,wordpress.com
36,google.ru
37,blogspot.com
38,ask.com
39,google.com.br
40,paypal.com
41,aliexpress.com
42,tumblr.com
43,sohu.com
44,apple.com
45,imgur.com
46,microsoft.com
47,xvideos.com
48,google.it
49,google.es
50,imdb.com
51,netflix.com
52,amazon.de
53,fc2.com
54,alibaba.com
55,360.cn
56,gmw.cn
57,stackoverflow.com
58,go.com
59,ok.ru
60,google.ca
61,google.com.mx
62,amazon.co.uk
63,google.com.hk
64,pornhub.com
65,amazon.in
66,tianya.cn
67,rakuten.co.jp
68,naver.com
69,diply.com
70,craigslist.org
71,blogger.com
72,google.com.tr
73,xhamster.com
74,cnn.com
75,xinhuanet.com
76,espn.go.com
77,outbrain.com
78,jd.com
79,soso.com
80,nicovideo.jp
81,adnetworkperformance.com
82,googleusercontent.com
83,google.co.id
84,google.co.kr
85,flipkart.com
86,bongacams.com
87,dropbox.com
88,bbc.co.uk
89,popads.net
90,github.com
91,cntv.cn
92,google.pl
93,google.com.au
94,ebay.de
95,pixnet.net
96,kat.cr
97,ebay.co.uk
98,nytimes.com
99,terraclicks.com
100,bbc.com
101,alipay.com
102,directrev.com
103,adobe.com
104,sogou.com
105,dailymotion.com
106,tradeadexchange.com
107,163.com
108,amazon.cn
109,wikia.com
110,livedoor.jp
111,coccoc.com
112,dailymail.co.uk
113,china.com
114,indiatimes.com
115,google.com.tw
116,office.com
117,booking.com
118,dmm.co.jp
119,xnxx.com
120,chase.com
121,google.com.eg
122,huffingtonpost.com
123,youku.com
124,buzzfeed.com
125,walmart.com
126,google.com.sa
127,detail.tmall.com
128,china.com.cn
129,microsoftonline.com
130,uol.com.br
131,google.com.ar
132,amazonaws.com
133,whatsapp.com
134,amazon.fr
135,ameblo.jp
136,snapdeal.com
137,theguardian.com
138,etsy.com
139,slideshare.net
140,google.com.pk
141,globo.com
142,daum.net
143,twitch.tv
144,bankofamerica.com
145,blogspot.in
146,stackexchange.com
147,adcash.com
148,yelp.com
149,aol.com
150,cnet.com
151,chinadaily.com.cn
152,indeed.com
153,target.com
154,quora.com
155,reimageplus.com
156,cnzz.com
157,flickr.com
158,amazon.it
159,tudou.com
160,redtube.com
161,forbes.com
162,weather.com
163,google.nl
164,vice.com
165,douban.com
166,soundcloud.com
167,loading-delivery2.com
168,ettoday.net
169,naver.jp
170,bestbuy.com
171,adf.ly
172,google.co.ve
173,bp.blogspot.com
174,google.co.za
175,wellsfargo.com
176,youporn.com
177,adplxmd.com
178,google.gr
179,zillow.com
180,kakaku.com
181,salesforce.com
182,leboncoin.fr
183,ikea.com
184,avito.ru
185,godaddy.com
186,goo.ne.jp
187,vimeo.com
188,foxnews.com
189,about.com
190,popcash.net
191,allegro.pl
192,mozilla.org
193,google.com.ua
194,nih.gov
195,doublepimp.com
196,livejournal.com
197,washingtonpost.com
198,theladbible.com
199,spaceshipads.com
200,zhihu.com
201,tripadvisor.com
202,w3schools.com
203,files.wordpress.com
204,taboola.com
205,akamaihd.net
206,wikihow.com
207,detik.com
208,hclips.com
209,deviantart.com
210,gfycat.com
211,feedly.com
212,themeforest.net
213,9gag.com
214,tubecup.com
215,google.com.co
216,americanexpress.com
217,onet.pl
218,nametests.com
219,wordpress.org
220,mediafire.com
221,shutterstock.com
222,amazon.es
223,businessinsider.com
224,comcast.net
225,steamcommunity.com
226,telegraph.co.uk
227,softonic.com
228,espncricinfo.com
229,mystart.com
230,secureserver.net
231,pixiv.net
232,usps.com
233,flirchi.com
234,livejasmin.com
235,wix.com
236,homedepot.com
237,force.com
238,office365.com
239,51.la
240,groupon.com
241,ups.com
242,zol.com.cn
243,archive.org
244,google.cn
245,google.ro
246,bilibili.com
247,google.se
248,google.com.sg
249,steampowered.com
250,google.com.ng
251,wikimedia.org
252,web.de
253,doorblog.jp
254,skype.com
255,rambler.ru
256,weebly.com
257,ndtv.com
258,nfl.com
259,smzdm.com
260,github.io
261,ebay-kleinanzeigen.de
262,orange.fr
263,avg.com
264,addthis.com
265,google.com.ph
266,google.be
267,gamer.com.tw
268,gmx.net
269,wordreference.com
270,mercadolivre.com.br
271,hdfcbank.com
272,mailchimp.com
273,hulu.com
274,bitauto.com
275,google.at
276,speedtest.net
277,sourceforge.net
278,ifeng.com
279,youm7.com
280,media.tumblr.com
281,usatoday.com
282,huanqiu.com
283,fedex.com
284,wp.pl
285,xywy.com
286,uptodown.com
287,goodreads.com
288,paytm.com
289,xfinity.com
290,abs-cbnnews.com
291,xuite.net
292,webmd.com
293,babytree.com
294,ebay.in
295,google.pt
296,tlbb8.com
297,hp.com
298,amazon.ca
299,liveadexchanger.com
300,blog.jp
301,spiegel.de
302,t-online.de
303,blogfa.com
304,udn.com
305,macys.com
306,pandora.com
307,bet365.com
308,hootsuite.com
309,google.com.pe
310,thesaurus.com
311,google.ae
312,stumbleupon.com
313,seznam.cz
314,capitalone.com
315,bloomberg.com
316,fbcdn.net
317,extratorrent.cc
318,answers.com
319,1688.com
320,caijing.com.cn
321,gameforge.com
322,icicibank.com
323,spotify.com
324,kaskus.co.id
325,samsung.com
326,ign.com
327,dell.com
328,wsj.com
329,putlocker.is
330,rutracker.org
331,bild.de
332,youth.cn
333,mashable.com
334,kohls.com
335,jabong.com
336,liputan6.com
337,google.ch
338,twimg.com
339,2ch.net
340,accuweather.com
341,chaturbate.com
342,gmail.com
343,badoo.com
344,reuters.com
345,engadget.com
346,39.net
347,varzesh3.com
348,onlinesbi.com
349,mega.nz
350,att.com
351,mama.cn
352,slickdeals.net
353,rediff.com
354,dmm.com
355,trello.com
356,zendesk.com
357,plarium.com
358,haosou.com
359,tistory.com
360,icloud.com
361,livedoor.biz
362,google.cl
363,warmportrait.com
364,google.az
365,gsmarena.com
366,newegg.com
367,google.cz
368,chaoshi.tmall.com
369,1905.com
370,reference.com
371,all2lnk.com
372,tube8.com
373,battle.net
374,life.com.tw
375,kouclo.com
376,verizonwireless.com
377,kickstarter.com
378,sberbank.ru
379,adidas.tmall.com
380,google.com.bd
381,mydomainadvisor.com
382,liveinternet.ru
383,eksisozluk.com
384,ero-advertising.com
385,sahibinden.com
386,evernote.com
387,ebay.it
388,milliyet.com.tr
389,impress.co.jp
390,elpais.com
391,51yes.com
392,cnnic.cn
393,iqiyi.com
394,vid.me
395,oracle.com
396,upornia.com
397,watsons.tmall.com
398,bleacherreport.com
399,google.hu
400,enet.com.cn
401,gap.com
402,list.tmall.com
403,google.co.il
404,yaolan.com
405,repubblica.it
406,styletv.com.cn
407,google.co.th
408,slack.com
409,infusionsoft.com
410,trackingclick.net
411,ltn.com.tw
412,rt.com
413,baike.com
414,torrentz.eu
415,ijreview.com
416,thefreedictionary.com
417,scribd.com
418,rbc.ru
419,likes.com
420,ppomppu.co.kr
421,ebay.com.au
422,onedio.com
423,shopclues.com
424,exoclick.com
425,yandex.ua
426,ask.fm
427,libero.it
428,nordstrom.com
429,pinimg.com
430,list-manage.com
431,nba.com
432,taleo.net
433,hurriyet.com.tr
434,lady8844.com
435,hm.com
436,retailmenot.com
437,citi.com
438,cloudfront.net
439,kompas.com
440,uploaded.net
441,google.ie
442,livedoor.com
443,surveymonkey.com
444,blogimg.jp
445,marca.com
446,kinogo.co
447,pconline.com.cn
448,torrentz.in
449,photobucket.com
450,google.dz
451,4shared.com
452,cbssports.com
453,youradexchange.com
454,quikr.com
455,gizmodo.com
456,lifehacker.com
457,goal.com
458,ce.cn
459,4dsply.com
460,kinopoisk.ru
461,savefrom.net
462,meetup.com
463,fiverr.com
464,rdsa2012.com
465,ameba.jp
466,independent.co.uk
467,lowes.com
468,eastday.com
469,teepr.com
470,google.fi
471,olx.in
472,irctc.co.in
473,allrecipes.com
474,free.fr
475,21cn.com
476,costco.com
477,buzzfil.net
478,time.com
479,corriere.it
480,java.com
481,disqus.com
482,albawabhnews.com
483,xe.com
484,gmarket.co.kr
485,souq.com
486,nbcnews.com
487,lemonde.fr
488,asos.com
489,neobux.com
490,onclicktop.com
491,ewt.cc
492,elmundo.es
493,xda-developers.com
494,chip.de
495,zippyshare.com
496,mobile.de
497,hupu.com
498,theverge.com
499,urdupoint.com
500,medium.com
501,techcrunch.com
502,aparat.com
503,intuit.com
504,1111.tmall.com
505,gamefaqs.com
506,csdn.net
507,naukri.com
508,tabelog.com
509,wunderground.com
510,shopify.com
511,subscene.com
512,stockstar.com
513,nyaa.se
514,google.sk
515,chinaz.com
516,gearbest.com
517,autohome.com.cn
518,streamcloud.eu
519,lenovo.com
520,people.com
521,bestadbid.com
522,siteadvisor.com
523,hatena.ne.jp
524,playstation.com
525,suning.com
526,ancestry.com
527,azlyrics.com
528,11st.co.kr
529,eyny.com
530,doubleclick.net
531,expedia.com
532,mercadolibre.com.ar
533,youboy.com
534,blackboard.com
535,lenta.ru
536,mercadolibre.com.ve
537,sh.st
538,mirror.co.uk
539,google.com.vn
540,megapopads.com
541,hotels.com
542,goodgamestudios.com
543,nike.com
544,beeg.com
545,youtube-mp3.org
546,box.com
547,zulily.com
548,lefigaro.fr
549,google.dk
550,nifty.com
551,epweike.com
552,issuu.com
553,instructables.com
554,npr.org
555,jimdo.com
556,lazada.co.id
557,douyutv.com
558,realtor.com
559,kijiji.ca
560,blogspot.jp
561,myway.com
562,gazeta.pl
563,discovercard.com
564,6pm.com
565,cnbeta.com
566,17ok.com
567,haber7.com
568,glassdoor.com
569,airbnb.com
570,sabq.org
571,seesaa.net
572,subito.it
573,xunlei.com
574,bukalapak.com
575,clien.net
576,timeanddate.com
577,olx.pl
578,digikala.com
579,taringa.net
580,youdao.com
581,alicdn.com
582,verizon.com
583,mi.com
584,focus.de
585,overstock.com
586,ebay.fr
587,unblocked.la
588,itmedia.co.jp
589,freepik.com
590,kooora.com
591,codecanyon.net
592,wetransfer.com
593,cityadspix.com
594,fidelity.com
595,justdial.com
596,moneycontrol.com
597,bhaskar.com
598,popped.biz
599,kayak.com
600,instructure.com
601,thepiratebay.la
602,sears.com
603,squarespace.com
604,sharepoint.com
605,connect814.com
606,drudgereport.com
607,tmz.com
608,so-net.ne.jp
609,rottentomatoes.com
610,duckduckgo.com
611,latimes.com
612,yodobashi.com
613,foodnetwork.com
614,hespress.com
615,udemy.com
616,japanpost.jp
617,clickadu.com
618,asana.com
619,google.com.my
620,k618.cn
621,okcupid.com
622,slate.com
623,urbandictionary.com
624,wayfair.com
625,yandex.com.tr
626,donga.com
627,woot.com
628,vcommission.com
629,zomato.com
630,researchgate.net
631,change.org
632,gmanetwork.com
633,r10.net
634,goo.gl
635,airtel.in
636,constantcontact.com
637,cookpad.com
638,vnexpress.net
639,sakura.ne.jp
640,interia.pl
641,abcnews.go.com
642,php.net
643,microsoftstore.com
644,wired.com
645,bhphotovideo.com
646,southwest.com
647,asus.com
648,cnbc.com
649,oeeee.com
650,eonline.com
651,shareasale.com
652,qunar.com
653,agoda.com
654,pof.com
655,tokopedia.com
656,mixi.jp
657,webssearches.com
658,ca.gov
659,momoshop.com.tw
660,academia.edu
661,superuser.com
662,makemytrip.com
663,xl415.com
664,trulia.com
665,billdesk.com
666,statcounter.com
667,cdiscount.com
668,iflscience.com
669,xbox.com
670,askmebazaar.com
671,fanli.com
672,staples.com
673,domaintools.com
674,thewatchseries.to
675,ensonhaber.com
676,ytimg.com
677,bomb01.com
678,swagbucks.com
679,wonderlandads.com
680,pcmag.com
681,livescore.com
682,ria.ru
683,gigazine.net
684,chron.com
685,alexa.cn
686,custhelp.com
687,jcpenney.com
688,asahi.com
689,food.com
690,pch.com
691,rednet.cn
692,zeroredirect1.com
693,abril.com.br
694,zoho.com
695,mihanblog.com
696,buy.tmall.com
697,giphy.com
698,blog.me
699,eastmoney.com
700,hatenablog.com
701,wow.com
702,ero-video.net
703,appledaily.com.tw
704,upwork.com
705,eventbrite.com
706,youjizz.com
707,hostgator.com
708,aweber.com
709,nypost.com
710,bitly.com
711,twoo.com
712,patch.com
713,videodownloadconverter.com
714,liveleak.com
715,sciencedirect.com
716,cbc.ca
717,yandex.kz
718,googleadservices.com
719,okezone.com
720,onlylady.com
721,cbsnews.com
722,mercadolibre.com.mx
723,123cha.com
724,mlb.com
725,investing.com
726,gamespot.com
727,houzz.com
728,nikkei.com
729,theatlantic.com
730,zappos.com
731,norton.com
732,workercn.cn
733,olx.ua
734,netshoes.com.br
735,howtogeek.com
736,vetogate.com
737,biglobe.ne.jp
738,nikkeibp.co.jp
739,tnaflix.com
740,commentcamarche.net
741,ticketmaster.com
742,toysrus.com
743,semrush.com
744,babycenter.com
745,58.com
746,weblio.jp
747,littlethings.com
748,yallakora.com
749,gemius.pl
750,staticwebdom.com
751,faithtap.com
752,behance.net
753,prpops.com
754,auction.co.kr
755,reverso.net
756,adp.com
757,messenger.com
758,popsugar.com
759,ibm.com
760,aa.com
761,zara.com
762,clipconverter.cc
763,exblog.jp
764,jrj.com.cn
765,jumia.com.ng
766,leagueoflegends.com
767,ci123.com
768,cbs.com
769,intoday.in
770,voc.com.cn
771,cam4.com
772,slimspots.com
773,saramin.co.kr
774,clixsense.com
775,musicboxnewtab.com
776,wp.com
777,google.no
778,mackeeper.com
779,marketwatch.com
780,mit.edu
781,rev2pub.com
782,mayoclinic.org
783,rapidgator.net
784,histats.com
785,bodybuilding.com
786,chinaso.com
787,europa.eu
788,zing.vn
789,webex.com
790,nhk.or.jp
791,gutefrage.net
792,usaa.com
793,atlassian.net
794,state.gov
795,to8to.com
796,egou.com
797,e-hentai.org
798,coursera.org
799,315che.com
800,wikiwiki.jp
801,cnmo.com
802,junbi-tracker.com
803,drtuber.com
804,wiktionary.org
805,ew.com
806,rightmove.co.uk
807,pureadexchange.com
808,b5m.com
809,cloudsrvtrk.com
810,ebates.com
811,google.bg
812,mynet.com
813,gismeteo.ru
814,indianexpress.com
815,myfitnesspal.com
816,dropbooks.tv
817,windows.com
818,acfun.tv
819,lequipe.fr
820,nydailynews.com
821,altervista.org
822,backpage.com
823,thesportbible.com
824,google.co.nz
825,vk.me
826,redirectvoluum.com
827,blogspot.gr
828,trklnks.com
829,emol.com
830,kdnet.net
831,nhl.com
832,milanuncios.com
833,dianping.com
834,delta.com
835,mobile01.com
836,sephora.com
837,shareba.com
838,informer.com
839,zone-telechargement.com
840,gyazo.com
841,qvc.com
842,sozcu.com.tr
843,tribunnews.com
844,fishki.net
845,gazzetta.it
846,cisco.com
847,novinky.cz
848,disq.us
849,tsite.jp
850,techradar.com
851,farsnews.com
852,admtpmp124.com
853,yenisafak.com
854,india.com
855,lapatilla.com
856,uniqlo.com
857,olx.com.br
858,investopedia.com
859,admtpmp123.com
860,hubspot.com
861,primewire.ag
862,yoka.com
863,www.gov.uk
864,infoseek.co.jp
865,clarin.com
866,blogspot.com.tr
867,netteller.com
868,t-mobile.com
869,sapo.pt
870,androidcentral.com
871,adschemist.com
872,ted.com
873,cnblogs.com
874,breitbart.com
875,almasryalyoum.com
876,yadi.sk
877,atwiki.jp
878,usbank.com
879,ehow.com
880,jin115.com
881,quizlet.com
882,indianrail.gov.in
883,filehippo.com
884,sbnation.com
885,lifebuzz.com
886,welt.de
887,anitube.se
888,prezi.com
889,bookmyshow.com
890,etao.com
891,genius.com
892,getpocket.com
893,dreamstime.com
894,thedailybeast.com
895,cracked.com
896,gawker.com
897,thekitchn.com
898,offpageads.com
899,stamplive.com
900,tomshardware.com
901,google.lk
902,argos.co.uk
903,android.com
904,sky.com
905,intel.com
906,123rf.com
907,4chan.org
908,united.com
909,thehindu.com
910,geocities.jp
911,himado.in
912,ampclicks.com
913,as.com
914,tutorialspoint.com
915,drom.ru
916,google.by
917,tesco.com
918,adme.ru
919,banggood.com
920,mysmartprice.com
921,idnes.cz
922,audible.com
923,google.rs
924,wiley.com
925,yomiuri.co.jp
926,seasonvar.ru
927,mega.co.nz
928,gamepedia.com
929,sfgate.com
930,masrawy.com
931,wav.tv
932,rakuten.ne.jp
933,india-mmm.net
934,lanacion.com.ar
935,rarbg.to
936,basecamp.com
937,priceline.com
938,feclik.com
939,dafont.com
940,ebay.ca
941,xing.com
942,kotaku.com
943,usmagazine.com
944,mapquest.com
945,topf1le.com
946,2chblog.jp
947,agar.io
948,friv.com
949,ruten.com.tw
950,whitepages.com
951,fanduel.com
952,fanpage.gr
953,deezer.com
954,coupons.com
955,allocine.fr
956,sammydress.com
957,yaplakal.com
958,today.com
959,nbcsports.com
960,tagged.com
961,weather.gov
962,vodlocker.com
963,alwafd.org
964,padsdel.com
965,digg.com
966,sex.com
967,news.com.au
968,carview.co.jp
969,thisav.com
970,digitaltrends.com
971,google.com.kw
972,istockphoto.com
973,elfagr.org
974,shutterfly.com
975,adk2.com
976,torcache.net
977,ccm.net
978,images-amazon.com
979,haberturk.com
980,bedbathandbeyond.com
981,n11.com
982,vine.co
983,delta-homes.com
984,pagesjaunes.fr
985,walgreens.com
986,abs-cbn.com
987,prntscr.com
988,roblox.com
989,fandango.com
990,tinyurl.com
991,4pda.ru
992,google.hr
993,facenama.com
994,deviantart.net
995,harvard.edu
996,hardsextube.com
997,hdzog.com
998,mediaset.it
999,mynavi.jp
1000,126.com
